name,link,subscribers
BuzzFeedVideo,,16108281
As/Is,,9514589
BuzzFeedBlue,,8197614
BuzzFeedViolet,,3222655
BuzzFeed Celeb,,1521647
Ladylike,,2493786
Pero Like,,806758
Tasty,,7583730
BuzzFeed Nifty,,775963
BuzzFeed News,,767827
INSIDER,,2253253
Daily Dose Of Internet,,2153304
Vat19,,4950475
Great Big Story,,2417202
Barcroft TV,,4540288
Special Books by Special Kids,,533321
FoolyLiving,,104793
OKbaby,,1253120
Bonnie Hoellein,,933751
JesssFam,,695005
Deru Crew Vlogs,,159708
A Griffiths Life,,52310
This Is How We Bingham,,177767
The LeRoysâ€™,,638728
Emma&Ellie,,890983
The ACE Family,,7974157
Brawadis,,2838460
Lance Stewart,,4167041
Tanner Fox,,7379259
Mo Vlogs,,5461487
Sham Idrees VLOGS,,1192096
Sunny Jafry,,239648
Adam Saleh Vlogs,,4078849
Lucas and Marcus,,8789166
Eh Bee Family,,6129152
FUNnel Vision,,5647527
EvanTubeHD,,5302373
CookieSwirlC,,7529359
Fizzy Toy Show,,1756852
Kolosis,,1087101
PJ Masks Official,,1395726
Peppa Pig English,,1205535
Cartoonex,,493629
Turma da MÃ´nica,,7613833
Oddbods - Official Channel,,2037539
BabyBus - Kids TV - Songs & Stories,,1346246
Morphle TV,,3426075
The Little Bus Tayo,,2874130
LittleBabyBum Â®,,15310066
LooLoo Kids - Nursery Rhymes and Children's Songs,,8080223
ì„œí”„ë¼ì´ì¦ˆ ì¥ë‚œê°â„¢,,10805947
OLIE THE CUB,,2562995
ABCkidTV - Nursery Rhymes,,8729791
Kids TV - Nursery Rhymes And Baby Songs,,7381884
Little Treehouse Nursery Rhymes and Kids Songs,,1220261
Dave and Ava - Nursery Rhymes and Baby Songs,,3770646
Super Simple Songs - Kids Songs,,10010884
Pinkfong! Kids' Songs & Stories,,8067026
í•‘í¬í (ì¸ê¸° ë™ìš”ãƒ»ë™í™”),,1645576
ê¹¨ë¹„í‚¤ì¦ˆ [KEBIKIDS],,368915
PLAYYKIDS í”Œë ˆì´í‚¤ì¦ˆ,,165731
ê¼¬ë§ˆë²„ìŠ¤ íƒ€ìš”,,465766
Robocar POLI TV,,1354918
[í† ì´í‘¸ë”©] ToyPudding TV,,15293924
FunToys Collector Disney Toys Review,,10345625
DisneyJuniorUK,,4165056
Disney Junior FR,,966679
Masha et Michka,,1090676
T'choupi,,577318
Caillou en FranÃ§ais,,496564
MiniMation,,210722
TROTRO OFFICIEL ğŸ‡«ğŸ‡·,,115395
Monde des Titounis,,2174079
Les Patapons,,433001
Comptines Francaises,,89473
Farmees FranÃ§aise - Chansons de BÃ©bÃ©,,83837
Farmees EspaÃ±ol - Canciones Infantiles,,903970
toycantando,,6902127
El Reino a Jugar,,3497589
La Granja de ZenÃ³n,,6237054
HeyKids.es - Canciones Para NiÃ±os,,1536498
El Reino Infantil,,13634612
Ben The Train EspaÃ±ol - Canciones Infantiles,,3573
Baby Box Espanol - Canciones Infantiles,,21813
Haunted House EspaÃ±ol - Canciones Infantiles,,18674
Booya EspaÃ±ol - Canciones Infantiles,,46066
Zebra EspaÃ±ol - Canciones Infantiles,,14209
Little Treehouse EspaÃ±ol - Canciones Infantiles,,17940
Jelly Bears EspaÃ±ol - Canciones Infantiles,,11845
Umi Uzi EspaÃ±ol - Canciones Infantiles,,52586
Kids Channel EspaÃ±ol - Canciones Infantiles,,46875
Kids Channel Deutschland - Deutsch Kinderlieder,,16251
Kids Channel FranÃ§aise,,12037
Kids Channel PortuguÃªs - VÃ­deo Para CrianÃ§as,,75760
Le Petit Monde des Camions,,125289
Kids Channel Russia - ĞœÑƒĞ»ÑŒÑ‚Ñ„Ğ¸Ğ»ÑŒĞ¼ Ğ´Ğ»Ñ Ğ¼Ğ°Ğ»Ñ‹ÑˆĞµĞ¹,,37878
Kids Channel Thailand - à¹€à¸à¸¥à¸‡ à¹€à¸”à¹‡à¸ à¸­à¸™à¸¸à¸šà¸²à¸¥,,29083
Kids Play Time FranÃ§aise,,1000
Haunted House FranÃ§aise,,1585
Baby Box FranÃ§aise - les dessins animÃ©s,,3285
Kids Baby Club FranÃ§aise,,9651
Bob The Train FranÃ§aise - chansons de bÃ©bÃ©,,15990
Ben The Train FranÃ§aise,,1831
Kids TV Channel FranÃ§aise - Canzoni per Bambini,,8207
Kids Tv FranÃ§aise - chansons de bÃ©bÃ©,,305177
Kids Tube FranÃ§aise - les dessins animÃ©s,,1541
Little Red Car Deutschland - Deutsch Kinderlieder,,12829
Farmees Deutschland - Deutsch Kinderlieder,,70953
Haunted House Deutschland - Deutsch Kinderlieder,,2101
Jelly Bears Deutsch - Deutsch Kinderlieder,,1641
Kids Baby Club Deutschland - Deutsch Kinderlieder,,8831
Kids TV Channel Deutschland - Deutsch Kinderlieder,,7842
Monster Truck Dan Deutschland,,1306
Umi Uzi Deutschland - Deutsch Kinderlieder,,12490
Zebra Deutschland - Deutsch Kinderlieder,,4935
Kids Tv Deutschland - Deutsch Kinderlieder,,314386
Monster Truck Dan EspaÃ±ol,,7141
Kids TV EspaÃ±ol Latino - Canciones Infantiles,,1688356
Kids Channel - Cartoon Videos for Kids,,3336344
Farmees PortuguÃªs - CanÃ§Ãµes dos miÃºdos,,2294641
HeyKids - Chansons Pour Enfants,,149565
Kids TV Play Doh - How to DIY,,116963
Baby Box Nursery Rhymes And Kids Songs,,288461
Haunted House - Kids Halloween Rhymes & Baby Songs,,284105
Jelly Bears - Kids Nursery Rhymes And Baby Songs,,29333
USP Studios - Kids Toys Channel,,11224
Farmees - Nursery Rhymes And Kids Songs,,2777762
Comptines et chansons,,1001055
Elearnin,,163176
Baby Nursery Rhymes,,4336263
Vintage Nursery Rhymes,,20150
Super Sunshine Kids,,1085007
Kiddy Club House,,167152
Kids Action Songs,,25460
KidsLullabies,,2748
Alphabet Songs,,258237
eDewcate,,663919
World Rhymes,,76443
Les comptines de Gabriel,,222999
Madame RÃ©crÃ© FR,,1354372
Peppa Pig FranÃ§ais - ChaÃ®ne Officielle,,542493
Touni Toys,,356046
Kinderlieder - Titounis,,38768
Cartoon - Titounis,,16725
Petit Ours Brun,,456994
YAKARI OFFICIEL ğŸ‡«ğŸ‡·,,19031
ROLIE POLIE OLIE OFFICIEL ğŸ‡«ğŸ‡·,,352
TROTRO RESMI TÃœRK,,7681
TROTRO ARABE ğŸ‡¸ğŸ‡¦,,6178
ĞĞ¡Ğ›Ğ˜Ğš Ğ¢Ğ ĞĞ¢Ğ Ğ ĞĞ¤Ğ˜Ğ¦Ğ˜ĞĞ›Ğ¬ĞĞ«Ğ™ ĞšĞĞĞĞ› ğŸ‡·ğŸ‡º,,27337
TROTRO DEUTSCH OFFIZIELL ğŸ‡©ğŸ‡ª,,36340
ã‚ã°ã®ãƒˆã‚³ã¡ã‚ƒã‚“ãƒ»ã‚ªãƒ•ã‚£ã‚·ãƒ£ãƒ« ğŸ‡¯ğŸ‡µ,,650
TROTRO ENGLISH OFFICIAL ğŸ‡ºğŸ‡¸,,14587
Piwi +,,305982
Nick Jr.,,2729836
ToupieetBinouTele,,16772
Mini Doremi,,50642
Mini ABC,,209357
Teletubbies en FranÃ§ais,,169473
Horseland en FranÃ§ais,,36522
SheZow en FranÃ§ais,,18177
Caillou en EspaÃ±ol,,637523
WildBrain en FranÃ§ais,,309711
Polly Pocket en FranÃ§ais,,6145
Charlotte aux Fraises,,19671
Yo Gabba Gabba en FranÃ§ais - WildBrain,,1421
Oui Oui officiel (francais),,113720
Sam le Pompier,,146750
Mofy,,5547
DokÃ©o TV,,6546
Dimitri,,4454
Mademoiselle Zazie,,28087
Les Amis de Boubi,,24125
Peins ton Manimo,,3653
Les Monsieur Madame - Officiel,,23103
Paco, Nouky & Lola,,1672
La petite Ecole d'HÃ©lÃ¨ne,,2992
Miffy - FR,,1873
Mascha und der BÃ¤r,,335307
Masha e o Urso,,3206043
Masha y el Oso,,3191521
Masha e Orso,,444045
Masha and The Bear,,3621685
ĞœĞ°ÑˆĞ° Ğ¸ ĞœĞµĞ´Ğ²ĞµĞ´ÑŒ,,14971720
Just Play,,253075
MaÅŸa Ä°le Koca AyÄ±,,305978
à¤®à¤¾à¤¶à¤¾ à¤à¤‚à¤¡ à¤¦ à¤¬à¥‡à¤¯à¤°,,131947
×××©×” ×•×”×“×•×‘,,69582
disneyjunior,,2286537
Club Penguin FR,,13925
Disney XD FR,,120894
Disney Channel FR,,1270447
Disney FR,,1602904
Peppa Pig - Official Channel,,4614067
DisneyJuniorIT,,893075
DisneyXDUK,,546868
DisneyChannelUK,,3186569
Toy Candy,,3059804
SurpriseFunTV,,2733509
AWESMR kids,,4250672
Disneyâ€¢Pixar,,1492649
Arcadius Kul,,1990996
all4tubekids,,2806915
TOYSBR Parque dos Brinquedos Surpresa Brasil,,3098022
Blu Toys Club Surprise,,6577490
Yippee Toys,,5923238
Doggy Doggy Play Doh Cartoons,,4748354
NaoFun Toys,,7630634
TOBOTYOUNGTOYS,,1017625
Robocar Poli Ã§izgi film,,81391
Traffic safety with POLI,,7033
Robocar Poli France,,43698
Robocar Poli,,446867
ì½©ìˆœì´ãƒ»ì‹œí¬ë¦¿ ì¥¬ì¥¬ (Kongsuniãƒ»Secret Jouju),,1386024
ë² ì´ë¹„ë²„ìŠ¤ -ì¸ê¸° ë™ìš”ãƒ»ë™í™”,,311599
ĞŸÑ€Ğ¸ĞºĞ»ÑÑ‡ĞµĞ½Ğ¸Ñ Ğ¢Ğ°Ğ¹Ğ¾,,185741
Tayo El PequeÃ±o AutobÃºs EspaÃ±ol,,363674
Z Rangers ì œíŠ¸ë ˆì¸ì €,,43696
ë¯¸ìˆ íƒí—˜ëŒ€ ArtOdysseyTV,,13530
Pororo the Little Penguin,,274310
Chiro ì¹˜ë¡œì™€ ì¹œêµ¬ë“¤,,89802
Flowering Heart í”Œë¼ì›Œë§í•˜íŠ¸,,50939
ë½€ë¡œë¡œ(Pororo),,2482809
ë ë ë½€ ë ë ë½€,,5328
Hello Jadoo TV ì•ˆë…• ìë‘ì•¼,,121811
ã¾ã‚ãã‚…ã‚“ [MAMEKYUNN],,131296
REDMON Kids Songs & Nursery Rhymes,,2053
í•˜ëŠ˜ì´ì™€ ë°”ë‹¤ì˜ ì‹ ë‚˜ëŠ” ìœ¨ë™ ë™ìš” (SkySea.TV),,349974
ĞŸĞ¸Ğ½ĞºÑ„Ğ¾Ğ½Ğ³! Ğ”ĞµÑ‚ÑĞºĞ¸Ğµ ĞŸĞµÑĞ½Ğ¸ Ğ¸ Ğ¡ĞºĞ°Ğ·ĞºĞ¸,,70988
Pinkfong! Canciones Infantiles,,770555
ç¢°ç¢°ç‹ (å…’ç«¥å…’æ­Œãƒ»æ•…äº‹),,183545
ãƒ”ãƒ³ã‚­ãƒƒãƒ„(PINKFONG ãƒ”ãƒ³ã‚¯ãƒ•ã‚©ãƒ³),,240626
Mother Goose Club,,4834377
Super Simple Learning,,55266
Caitie's Classroom,,3999
Miloâ€™s World,,2926
Super Simple æ—¥æœ¬èª - ç«¥è¬¡ã¨ã“ã©ã‚‚ã®æ­Œ,,149503
Super Simple Draw! - How To Draw for Kids,,8365
Super Simple ABCs,,156747
Super Simple EspaÃ±ol - Canciones Infantiles Y MÃ¡s,,376717
Super Simple TV - Kids Shows & Cartoons,,199182
Videogyan 3D Rhymes - Nursery Rhymes & Kids Songs,,5979501
Katie Cutie Kids TV,,2828100
Dave and Ava - Canciones Infantiles,,450013
Zebra Nursery Rhymes - Kindergarten Songs for Kids,,169319
Kids Channel Toy Collector - Fun Learning Videos,,124856
Booya - Halloween Nursery Rhymes & Songs for Kids,,273764
Nursery Rhymes ABC TV - Kids & Baby Cartoons,,63180
Doodle Do Baby - Nursery Rhymes and Songs for Kids,,6061
ABC Heroes - Kids Nursery Rhymes TV And Baby Songs,,20912
Baby Bao Panda - Nursery Rhymes & Cartoon for Kids,,285987
Jaz Toonz TV - Cartoon Kids Shows & Nursery Rhymes,,207777
Preebeez - Nursery Rhymes & Kids Cartoon TV Show,,10796
Hello Cookie Nursery Rhymes & Kids Songs,,11700
Super Kids Network - Cartoon TV Shows,,84206
Luke and Lily - Nursery Rhymes & Songs for Kids,,103035
Junior Squad - nursery rhymes & kids songs,,321541
Little Eddie - Nursery Rhymes and Kids Songs,,51375
coilbookâ„¢ | Learning For Children,,1696109
Color For Baby,,2877257
EZ Kids,,3095227
CVS 3D Rhymes,,12683803
Hacks For Life,,963776
Ryan ToysReview,,14261310
